Timestamp,Package,Version

2024-01-20 02:11:45,package_auto_assembler,0.0.2
2024-01-23 20:00:09,mocker_db,0.0.1
2024-01-24 01:39:18,package_auto_assembler,0.0.3
2024-01-31 02:43:25,package_auto_assembler,0.0.4
2024-02-01 05:32:17,package_auto_assembler,0.0.5
2024-02-14 00:50:41,mocker_db,0.0.2
2024-02-17 18:55:38,package_auto_assembler,0.0.6
2024-02-19 21:19:21,mocker_db,0.0.3
2024-02-23 20:19:52,mocker_db,0.0.4
2024-03-03 23:23:23,package_auto_assembler,0.0.7
2024-03-11 00:28:05,mocker_db,0.0.5
2024-03-19 00:25:24,mocker_db,0.0.6
2024-04-06 02:49:02,mocker_db,0.0.10
2024-04-12 21:44:36,gridlooper,0.0.1
2024-04-15 21:11:17,mocker_db,0.0.11
